strategy,elapsed_sec
concurrent,2.4417423000013514
chunking_none,8.25887540000258
chunking_default,4.995192400001542
