strategy,elapsed_sec
concurrent,2.8495310000034806
chunking_none,11.811288799999602
chunking_default,6.398270699999557
