strategy,elapsed_sec
concurrent,77.65296469999885
chunking_none,165.21315519999916
chunking_default,156.98984399999972
