strategy,elapsed_sec
concurrent,2.6537454999997863
chunking_none,7.069411700000273
chunking_default,4.819570499999827
