strategy,elapsed_sec
concurrent,374.64357329999984
chunking_none,355.7161390000001
chunking_default,325.12625390000176
