strategy,elapsed_sec
concurrent,3597.7497654
chunking_none,1988.9411115999974
chunking_default,1867.1074542999995
